Регион,Производитель,Вино,Год,Рейтинг,Балл,Страница
Средняя Волга,Denisov Winery,Совиньон Блан,2023,88,5,43,
Средняя Волга,Denisov Winery,Рислинг,2023,87,5,43,
Алания,Константин Дзитоев,КД Ркацители,2021,88,5,46,
Алания,Константин Дзитоев,КД Ркацители магнум,2021,88,5,46,
Алания,Константин Дзитоев,КД брют розе 6,2023,88,5,46,
Алания,Константин Дзитоев,КД брют розе М,2023,88,5,47,
Алания,Константин Дзитоев,Рислинг Резерв,2021,89,5,47,
Алания,Константин Дзитоев,Ркацители Резерв,2018,89,5,47,
Алания,Константин Дзитоев,Розе Резерв,2020,87,5,47,
Алания,Константин Дзитоев,Сира Натюр,2017,88,5,48,
Алания,Константин Дзитоев,Красностоп Натюр,2019,88,5,48,
Алания,Константин Дзитоев,Каберне Фран Натюр,2019,89,5,48,
Алания,Константин Дзитоев,Каберне Совиньон Натюр,2019,89,5,49,
Алания,Константин Дзитоев,60/40 Натюр,2020,89,5,49,
Алания,Константин Дзитоев,Шавкапито Резерв,2022,88,5,49,
Алания,Константин Дзитоев,Мерло Резерв,2022,88,5,50,
Алания,Константин Дзитоев,Саперави гранд резерв,2022,88,5,50,
Алания,Константин Дзитоев,Киoн гранд Резерв,2022,90,5,51,
Алания,Константин Дзитоев,Галиат гранд Резерв,2019,92,5,52,
Дагестан,Агролайн,Vexillum. Blanc de Noirs,2022,88,5,61,
Дагестан,Агролайн,Vexillum. Blanc de Blancs,2023,88,5,61,
Дагестан,Агролайн,Mountain Eagle Traminer,2023,87,5,62,
Дагестан,Агролайн,Mountain Eagle Semillon,2023,87,5,62,
Дагестан,Агролайн,Mountain Eagle Viognier,2023,88,5,62,
Дагестан,Агролайн,Heritage DG Skin contact Rkatsiteli,2022,88,5,61,
Дагестан,Агролайн,Mountain Eagle Chardonnay,2023,88,5,63,
Дагестан,Агролайн,Mountain Eagle Saperavi,2022,87,5,64,
Дагестан,Агролайн,Mountain Eagle Marselan,2022,88,5,64,
Дагестан,Агролайн,L'ame du Vin,2021,89,5,64,
Дагестан,Агролайн,Mountain Eagle Cabernet Sauvignon,2022,89,5,65,
Дагестан,Дербент Вино,Desono Совиньон экстра брют,2023,87,5,66,
Дагестан,Дербент Вино,Desono Рислинг экстра брют,2023,87,5,66,
Дагестан,Дербент Вино,Эндемы Шардоне брют,2023,87,5,66,
Дагестан,Дербент Вино,Эндемы Ркацители брют,2023,88,5,67,
Дагестан,Дербент Вино,Эндемы Рислинг брют,2023,88,5,67,
Дагестан,Дербент Вино,Эндемы Совиньон Блан брют,2023,88,5,67,
Дагестан,Дербент Вино,Desono Шардоне,2023,87,5,68,
Дагестан,Дербент Вино,Desono Ркацители Оранж,2022,87,5,68,
Дагестан,Дербент Вино,Эндемы Шардоне,2022,88,5,68,
Дагестан,Дербент Вино,Desono Каберне Совиньон,2022,87,5,68,
Дагестан,Дербент Вино,Desono Каберне Фран,2022,87,5,69,
Дагестан,Дербент Вино,Desono Саперави,2023,87,5,69,
Дагестан,Дербент Вино,Desono Мерло,2022,88,5,69,
Дагестан,Дербент Вино,Эндемы Мерло,2022,88,5,69,
Дагестан,Дербент Вино,Эндемы Каберне Фран,2022,88,5,70,
Дагестан,Дербент Вино,Desono Саперави розе,2022,87,5,71,
Дагестан,Дербент Вино,Эндемы Саперави,2022,88,5,71,
Дагестан,Дербент Вино,Эндемы Каберне Совиньон,2022,89,5,71,
ДОЛИНА ДОНА,Vinabani,Шардоне,2023,87,5,78,
ДОЛИНА ДОНА,Vinabani,Алиготе,2022,87,5,78,
ДОЛИНА ДОНА,Vinabani,Саперави,2022,87,5,79,
ДОЛИНА ДОНА,Vinabani,Красностоп Золотовский,2022,87,5,79,
ДОЛИНА ДОНА,Vinabani,Мерло,2022,87,5,80,
ДОЛИНА ДОНА,Благолобов,Станицное,2023,87,5,81,
ДОЛИНА ДОНА,Вина Арпачина,Арпачино. Иноходец. Сибирковый,2022,87,4,83,
ДОЛИНА ДОНА,Вина Арпачина,Арпачино. Иноходец. Кумшацкий Белый,2022,89,4,84,
ДОЛИНА ДОНА,Вина Арпачина,Арпачино. Цимлянский Черный,2022,89,4,84,
ДОЛИНА ДОНА,Вина Арпачина,Вина Арпачина. Сибирковый,2022,88,4,85,
ДОЛИНА ДОНА,Вина Арпачина,Вина Арпачина. Этюд №12,2021,87,5,85,
ДОЛИНА ДОНА,Вина Арпачина,Вина Арпачина. Этюд №19,2021,87,5,86,
ДОЛИНА ДОНА,Вина Арпачина,Сибирковый экстра брют,2021,88,5,86,
ДОЛИНА ДОНА,Винодельня Ведерниковъ,Сибирковый – Алиготе брют,2021,88,5,88,
ДОЛИНА ДОНА,Винодельня Ведерниковъ,Цимлянский Черный Blanc de Noirs,2022,88,5,92,
ДОЛИНА ДОНА,Винодельня Ведерниковъ,Губернаторское Рислинг,2023,87,5,93,
ДОЛИНА ДОНА,Винодельня Ведерниковъ,Губернаторский Резерв белое,2021,87,5,93,
ДОЛИНА ДОНА,Винодельня Ведерниковъ,Сибирковый,2023,88,5,94,
ДОЛИНА ДОНА,Винодельня Ведерниковъ,Губернаторское Голубок,2022,87,5,94,
ДОЛИНА ДОНА,Винодельня Ведерниковъ,Красностоп Золотовский,2023,87,5,96,
ДОЛИНА ДОНА,Винодельня Ведерниковъ,Цимлянский Черный,2020,88,5,97,
ДОЛИНА ДОНА,Винодельня Ведерниковъ,Каберне Совиньон,2020,89,5,97,
ДОЛИНА ДОНА,Винодельня Ведерниковъ,Губернаторский Резерв красное,2020,89,5,98,
ДОЛИНА ДОНА,Винодельня Ведерниковъ,Красностоп Золотовский в дубе,2020,90,5,98,
ДОЛИНА ДОНА,Винодельня Ведерниковъ,Фантом 30/70,2018,89,5,99,
ДОЛИНА ДОНА,Винодельня Ведерниковъ,Фантом 50/50,2018,89,5,99,
ДОЛИНА ДОНА,Винодельня Ведерниковъ,Фантом 70/30,2018,88,5,94,
ДОЛИНА ДОНА,Винодельня Молчанов,Айс Вайн Цветочный,2023,87,5,102,
ДОЛИНА ДОНА,Дача Сердюка,Красностоп Золотовский,2023,87,5,102,
ДОЛИНА ДОНА,Дача Сердюка,Поручное,2022,87,5,87,
ДОЛИНА ДОНА,Дача Сердюка,Казачье,2023,87,5,87,
ДОЛИНА ДОНА,Цимлянские вина,Цимлянское Кюве. Цветочный,2022,87,5,103,
ДОЛИНА ДОНА,Цимлянские вина,Цимлянское Староказачье,2020,87,5,103,
ДОЛИНА ДОНА,Цимлянские вина,Цимлянское. Каберне Совиньон,2022,87,5,103,
ДОЛИНА ДОНА,Цимлянские вина,Цимлянское. Саперави,2022,87,5,103,
ДОЛИНА ДОНА,Цимлянские вина,Крепость Саркел. Цимлянский Черный,2019,87,5,105,
ДОЛИНА ДОНА,Цимлянские вина,Крепость Саркел гранд Резерв. Голубок,2020,87,5,105,
КРЫМ,Agora Winery,Agora Cuvee брют розе,2023,87,5,114,
КРЫМ,Alma Valley,Alma Valley. Blanc de Blancs,2017,88,5,114,
КРЫМ,Alma Valley,Alma Valley. Blanc de Noirs,2017,88,5,114,
КРЫМ,Alma Valley,АВ Кюве Шардоне – Совиньон Блан – Рислинг,2023,87,5,115,
КРЫМ,Alma Valley,Traminer,2023,87,5,115,
КРЫМ,Alma Valley,Kokur,2023,87,5,115,
КРЫМ,Alma Valley,Colombard,2023,87,5,115,
КРЫМ,Alma Valley,Pinot Blanc Reserve,2021,87,5,116,
КРЫМ,Alma Valley,Petite Arvine Reserve,2021,87,4,116,
КРЫМ,Alma Valley,Riesling Reserve,2021,87,5,116,
КРЫМ,Alma Valley,Альма. Трио в Оранжевом,2021,89,5,116,
КРЫМ,Alma Valley,Sauvignon Blanc Reserve,2021,89,5,116,
КРЫМ,Alma Valley,Chardonnay Reserve,2021,89,4,116,
КРЫМ,Alma Valley,Chardonnay Reserve,2022,89,5,116,
КРЫМ,Alma Valley,Невинность,2023,87,5,118,
КРЫМ,Alma Valley,Альма. Мерло. Избранное,2022,87,5,119,
КРЫМ,Alma Valley,Cabernet Sauvignon,2022,87,5,119,
КРЫМ,Alma Valley,AV Кюве Каберне Совиньон - Мерло - Саперави,2022,88,5,119,
КРЫМ,Alma Valley,Альма. Гравити. Пино Нуар - Мерло - Каберне Совиньон,2022,88,5,119,
КРЫМ,Alma Valley,Альма. Гравити. Каберне Совиньон,2022,88,5,120,
КРЫМ,Alma Valley,Cabernet Franc - Саперави,2022,88,5,120,
КРЫМ,Alma Valley,Merlot,2021,88,5,120,
КРЫМ,Alma Valley,Merlot Reserve,2021,88,5,120,
КРЫМ,Alma Valley,Shiraz Reserve,2021,88,5,120,
КРЫМ,Alma Valley,Новый Иерусалим. Алтарное,2023,89,5,122,
КРЫМ,Alma Valley,Pique-nique,2023,87,5,122,
КРЫМ,Alma Valley,Кангуг Р.S.,2023,87,4,124,
КРЫМ,Alma Valley,Цитрон Крымский,2023,87,5,124,
КРЫМ,Alma Valley,Рислинг,2023,88,5,125,
КРЫМ,Alma Valley,Сира,2023,88,5,125,
КРЫМ,Alma Valley,Пино Нуар,2023,87,4,126,
КРЫМ,Domaine de la Vivandiere,Каберне Фран,2023,88,4,126,
КРЫМ,Domaine de la Vivandiere,Сибириковый sur lies,2023,87,5,128,
КРЫМ,Domaine de la Vivandiere,Сенсо розе,2023,87,5,128,
КРЫМ,Domaine de la Vivandiere,Цимлянский Черный,2023,87,4,128,
КРЫМ,Kalos Limen,Côtes du Don,2023,87,4,128,
КРЫМ,Kalos Limen,Malbec розе,2023,87,4,129,
КРЫМ,Kalos Limen,VN красное,2023,87,4,129,
КРЫМ,Kalos Limen,Алкомишка,2023,87,5,130,
КРЫМ,Kalos Limen,Рислинг. Galin Milkov,2023,87,5,132,
КРЫМ,Kalos Limen,Шардоне – Совиньон.,2023,87,5,132,
КРЫМ,Kalos Limen,Galin Milkov,2023,87,5,132,
КРЫМ,Kalos Limen,Рислинг – Цитрон.,2023,87,5,132,
КРЫМ,Kalos Limen,Galin Milkov,2023,87,5,132,
КРЫМ,Kalos Limen,Цитронный Магарача.,2022,88,5,132,
КРЫМ,Kalos Limen,Van Gogh,2023,89,5,135,
КРЫМ,Kalos Limen,Special Reserve. Шардоне,2023,89,5,135,
КРЫМ,Kalos Limen,Сира - Каберне Фран - Пино Нуар. Galin Milkov,2023,88,5,135,
КРЫМ,Kalos Limen,Каберне Совиньон.,2023,88,5,135,
КРЫМ,Kalos Limen,Vindemiatriх,2023,87,5,135,
КРЫМ,Kalos Limen,Сира - Мерло. Galin Milkov,2023,87,5,135,
КРЫМ,Kalos Limen,Сира - Бастардо,2023,87,5,136,
КРЫМ,Kalos Limen,Каберне Совиньон. Galin Milkov,2023,87,5,136,
КРЫМ,Uva Vallis,Сира. Van Gogh,2023,88,5,136,
КРЫМ,Uva Vallis,Мерло - Каберне Совиньон. Galin Milkov,2022,88,5,136,
КРЫМ,Uva Vallis,Каберне Фран,2022,88,5,135,
КРЫМ,Uva Vallis,Каберне Совиньон. Galin Milkov,2022,87,5,135,
КРЫМ,Uva Vallis,Петнат Рислинг,2023,87,4,137,
КРЫМ,Uva Vallis,Петнат Сира,2023,87,4,137,
КРЫМ,Uva Vallis,Совиньон Блан,2022,87,4,138,
КРЫМ,Uva Vallis,Левитас. Совиньон Блан,2023,87,4,138,
КРЫМ,Uva Vallis,Рислинг,2022,87,5,139,
КРЫМ,Uva Vallis,Шардоне,2022,89,5,139,
КРЫМ,Uva Vallis,Сира - Каберне Совиньон,2022,88,5,139,
КРЫМ,Uva Vallis,Мерло - Каберне Совиньон,2022,89,5,140,
КРЫМ,Uva Vallis,Мерло,2022,88,5,140,
КРЫМ,Uva Vallis,Левитас. Каберне Фран,2023,88,5,140,
КРЫМ,Villa di Alma,Рислинг экстра брют,2022,87,5,140,
КРЫМ,Villa di Alma,Шардоне экстра брют,2022,87,5,144,
КРЫМ,Villa di Alma,Пино Гри экстра брют,2022,87,5,144,
КРЫМ,Villa di Alma,Рислинг экстра брют,2023,87,5,144,
КРЫМ,Villa di Alma,Пино Нуар экстра брют,2023,87,5,144,
КРЫМ,Villa di Alma,Каберне Совиньон экстра брют,2023,87,5,144,
КРЫМ,Villa di Alma,Каберне Фран,2022,87,5,146,
КРЫМ,Villa di Alma,Red Blend Органик,2021,87,5,146,
КРЫМ,Villa di Alma,Каберне Совиньон,2022,88,5,147,
КРЫМ,Villa di Alma,Пти Вердо,2022,88,5,147,
КРЫМ,Winepark,Шардоне,2022,87,4,150,
КРЫМ,Winepark,Шардоне,2023,87,5,150,
КРЫМ,Winepark,Пино Блан,2022,87,3.5,149,
КРЫМ,Winepark,Кокур,2022,88,5,151,
КРЫМ,Winepark,Рислинг,2023,88,5,150,
КРЫМ,Winepark,Совиньон Блан,2023,88,5,150,
КРЫМ,Winepark,AI Wine белое,2023,88,5,152,
КРЫМ,Winepark,Симбиоз,2023,88,4,151,
КРЫМ,Winepark,Кокур,2023,89,5,152,
КРЫМ,Winepark,Шардоне Баррик,2023,89,5,152,
КРЫМ,Winepark,Совиньон Блан Баррик,2023,88,5,154,
КРЫМ,Winepark,Кокур сладкий,2023,88,5,154,
КРЫМ,Winepark,Мурведр,2023,88,3.5,154,
КРЫМ,Winepark,Симбиоз,2021,88,5,155,
КРЫМ,Winepark,Кучук-Исар. Каберне Совиньон,2021,88,5,155,
КРЫМ,Winepark,Каберне Фран,2021,89,5,155,
КРЫМ,Winepark,AI Wine красное,2023,89,5,155,
КРЫМ,Winepark,Кучук-Исар. Каберне Совиньон - Мурведр,2021,89,5,155,
КРЫМ,ВайнКрафт,Траминер,2023,87,5,156,
КРЫМ,ВайнКрафт,Пино Нуар,2023,87,5,156,
КРЫМ,ВайнКрафт,Каберне Совиньон,2023,87,5,155,
КРЫМ,Винодельня Esse,Esse Зеро Дозаж,2020,88,5,159,
КРЫМ,Винодельня Esse,Esse Кюве Престиж,2019,88,5,162,
КРЫМ,Винодельня Esse,Esse Мускат,2022,88,5,162,
КРЫМ,Винодельня Esse,Esse блан де Нуар,2020,89,5,163,
КРЫМ,Винодельня Esse,Esse Кюве Престиж,2021,87,5,163,
КРЫМ,Винодельня Esse,Esse Розе брют,2021,88,5,164,
КРЫМ,Винодельня Esse,Пино Гри Esse Unplugged,2023,87,5,164,
КРЫМ,Винодельня Esse,Мускат Оранж Esse Unplugged,2022,87,5,164,
КРЫМ,Винодельня Esse,Esse Гевюрцтраминер,2023,87,5,164,
КРЫМ,Винодельня Esse,Esse Рислинг,2022,87,5,164,
КРЫМ,Винодельня Esse,Esse Ркацители Сюр Ли,2021,87,5,165,
КРЫМ,Винодельня Esse,Esse Шардоне,2021,88,5,165,
КРЫМ,Винодельня Esse,Рислинг Брюле Esse Unplugged,2022,88,5,166,
КРЫМ,Винодельня Esse,Ркацители Оранж Esse Unplugged,2022,88,5,166,
КРЫМ,Винодельня Esse,Kacha Valley Шенен Блан,2022,88,4,166,
КРЫМ,Винодельня Esse,Esse Мускат,2023,87,4,167,
КРЫМ,Винодельня Esse,Esse Розе,2023,87,5,167,
КРЫМ,Винодельня Esse,Kacha Valley Розе,2022,88,5,167,
КРЫМ,Винодельня Esse,Ридикюль Esse Unplugged,2022,87,5,168,
КРЫМ,Винодельня Esse,МаМа Esse Unplugged,2022,87,5,168,
КРЫМ,Винодельня Esse,Одесский Черный Esse Unplugged,2022,87,5,168,
КРЫМ,Винодельня Esse,Саперави Heaven  Esse Unplugged,2021,87,5,169,
КРЫМ,Винодельня Esse,Esse Рубиновый,2022,87,5,169,
КРЫМ,Винодельня Esse,Esse Саперави,2021,87,5,170,
КРЫМ,Винодельня Esse,Esse Мерло,2021,87,5,170,
КРЫМ,Винодельня Esse,Мерло-Отборное,2021,88,5,170,
КРЫМ,Винодельня Esse,Esse Каберне Совиньон,2021,88,5,171,
КРЫМ,Винодельня Esse,Esse Каберне Фран,2021,88,5,171,
КРЫМ,Винодельня Esse,Esse Сира,2021,88,5,171,
КРЫМ,Винодельня Esse,Kacha Valley Санджовезе,2020,88,5,171,
КРЫМ,Винодельня Esse,Kacha Valley Пти Вердо,2020,88,5,172,
КРЫМ,Винодельня Esse,Kacha Valley,2020,89,5,172,
КРЫМ,Винодельня Esse,Долинное Красное,2021,89,5,172,
КРЫМ,Винодельня Esse,Каберне Отборное,2021,89,5,172,
КРЫМ,Винодельня Esse,Esse Milesime 2013,2013,90,5,173,
КРЫМ,Винодельня Esse,Esse Grand Cuvee 60,2021,90,5,173,
КРЫМ,Винодельня Esse,Kacha Valley Долинное белое,2021,90,5,173,
КРЫМ,Винодельня Esse,Kacha Valley Каберне Фран,2019,90,5,174,
КРЫМ,Винодельня Esse,Kacha Valley Каберне Фран,2020,93,5,174,
КРЫМ,Винодельня Esse,Каберне Фран Sunset,2016,89,5,178,
КРЫМ,Винодельня Esse,Мальбек Резерв,2021,90,5,181,
КРЫМ,Винодельня Аранчи,Мерло Резерв,2021,89,5,181,
КРЫМ,Винодельня Аранчи,Саперави Резерв,2021,89,5,181,
КРЫМ,Винодельня Аранчи,Каберне Совиньон,2021,89,5,182,
КРЫМ,Винодельня Аранчи,Араич Резерв Каберне Совиньон,2021,89,5,182,
КРЫМ,Винодельня Аранчи,Южнобережное Резерв,2021,90,5,187,
КРЫМ,Винодельня Аранчи,Бордоский бленд Резерв,2021,88,5,187,
КРЫМ,Ароматное,Шенен Блан,2023,88,5,187,
КРЫМ,Степанов и сыновья,Pinot 2,2023,87,4,188,
КРЫМ,Cellar Master,Мальвазия,2023,87,4,188,
КРЫМ,Cellar Master,Санджовезе,2023,87,4,189,
КРЫМ,Mons Albus,Ркацители,2023,87,4,189,
КРЫМ,Mons Albus,Мерло,2023,87,4,189,
КРЫМ,Mons Albus,Каберне Совиньон,2023,87,4,190,
КРЫМ,Валерий Захарьин,Алиготе брют. Бурлюк,2023,87,5,198,
КРЫМ,Валерий Захарьин,Алиготе брют. Авторское. Валерий Захарьин,2023,88,5,198,
КРЫМ,Валерий Захарьин,Кокур брют Классика,2022,88,5,199,
КРЫМ,Валерий Захарьин,Алаетико брют розе. Авторское. Валерий Захарьин,2023,87,5,198,
КРЫМ,Валерий Захарьин,Сары Пандас. Валерий Захарьин,2023,87,5,198,
КРЫМ,Валерий Захарьин,Кокур - Сары Пандас. Автоктонное вино,2023,87,5,199,
КРЫМ,Валерий Захарьин,Мускат. Валерий Захарьин,2023,87,4,199,
КРЫМ,Валерий Захарьин,Кокур. Валерий Захарьин,2023,88,5,199,
КРЫМ,Валерий Захарьин,Рислинг. Валерий Захарьин,2023,88,5,199,
КРЫМ,Валерий Захарьин,Алиготе. Валерий Захарьин,2023,88,5,201,
КРЫМ,Валерий Захарьин,Совиньон. Валерий Захарьин,2023,88,4,201,
КРЫМ,Валерий Захарьин,Алеатико – Кефесия. Автохтонное вино Крыма от Валерия Захарьина,2023,88,5,201,
КРЫМ,Валерий Захарьин,Каберне Фран. Бурлюк,2023,87,5,202,
КРЫМ,Валерий Захарьин,Саперави – Каберне Совиньон. Баккал Су,2022,87,5,202,
КРЫМ,Валерий Захарьин,Кефесия. Валерий Захарьин,2022,87,5,202,
КРЫМ,Валерий Захарьин,Сира. Валерий Захарьин,2023,87,5,202,
КРЫМ,Валерий Захарьин,Дом Захарьяных красное,2020,87,5,202,
КРЫМ,Валерий Захарьин,Рубедо Резерв,2021,88,5,206,
КРЫМ,Винодельня Жаков,Ркацители Escape,2023,87,5,206,
КРЫМ,Винодельня Жаков,Саперави Escape,2021,87,5,206,
КРЫМ,Винодельня Жаков,Карбон,2023,87,5,206,
КРЫМ,Винодельня Жаков,Неоранж,2023,87,5,207,
КРЫМ,Винодельня Жаков,Логово Саперави,2022,87,5,207,
КРЫМ,Винодельня Жаков,Такверри Escape,2022,87,5,207,
КРЫМ,Коктебель,Алиготе – Шардоне,2023,87,5,211,
КРЫМ,Коктебель,Айвазовский. Розе,2023,87,5,211,
КРЫМ,Коктебель,Casa Каберне Совиньон,2022,88,5,211,
КРЫМ,Коктебель,Casa Мерло,2022,87,5,211,
КРЫМ,Коктебель,Casa Бастардо,2023,87,5,211,
КРЫМ,Коктебель,Casa Гранд Купаж,2022,88,5,211,
КРЫМ,Массандра,Алиготе Авторское,2023,87,5,214,
КРЫМ,Массандра,Пино Гри Авторское,2023,87,5,214,
КРЫМ,Массандра,Кокур Авторское,2023,87,5,214,
КРЫМ,Массандра,Мускат позднего сбора белый,2023,88,5,214,
КРЫМ,Массандра,Мускат позднего сбора белый,2021,89,5,214,
КРЫМ,Массандра,Мускат позднего сбора розовый,2021,89,5,214,
КРЫМ,Массандра,Кокур Премиум,2023,90,5,214,
КРЫМ,Новый Свет,Новый Свет РШВ брют,2021,87,5,220,
КРЫМ,Новый Свет,Новый Свет РШК брют,2019,87,5,220,
КРЫМ,Новый Свет,Новый Свет. Кюве экстра брют,2019,87,5,220,
КРЫМ,Новый Свет,Новый Свет. Блан де Нуар,2019,87,5,220,
КРЫМ,Новый Свет,Новый Свет. Алиготе,2022,87,5,220,
КРЫМ,Новый Свет,Новый Свет. Кокур,2021,87,5,221,
КРЫМ,Новый Свет,Новый Свет. Рислинг Кюве де Престиж,2018,88,5,222,
КРЫМ,Новый Свет,Новый Свет полусухое,2021,88,5,222,
КРЫМ,Новый Свет,Новый Свет полусладкое,2021,88,5,222,
КРЫМ,Новый Свет,Новый Свет. Шардоне,2021,88,5,222,
КРЫМ,Новый Свет,Новый Свет. Шардоне Кюве де Престиж,2018,89,5,223,
КРЫМ,Новый Свет,Новый Свет. Пино Гри Миллезим,2018,88,5,223,
КРЫМ,Новый Свет,Новый Свет. Каберне,2019,88,5,224,
КРЫМ,Новый Свет,Новый Свет. Пино Нуар,2019,88,5,224,
КРЫМ,Новый Свет,Новый Свет. Пино Нуар полусухое,2019,88,5,224,
КРЫМ,Новый Свет,Новый Свет полусладкое розе,2021,87,5,224,
КРЫМ,Новый Свет,Новый Свет. Каберне Совиньон,2021,87,5,225,
КРЫМ,Новый Свет,Новый Свет. Каберне Совиньон полусладкое,2021,87,5,225,
КРЫМ,Новый Свет,Новый Свет. Золотой Рислинг,2016,92,5,225,
КРЫМ,Солнечная долина,Меганом Кюве,2021,87,5,230,
КРЫМ,Солнечная долина,Меганом Blanc de Blancs,2021,87,5,230,
КРЫМ,Солнечная долина,Меганом Кокур,2021,88,5,230,
КРЫМ,Солнечная долина,Меганом Розе,2021,87,5,231,
КРЫМ,Солнечная долина,Совиньон Солнечной Долины,2021,87,5,231,
КРЫМ,Солнечная долина,Мускат,2023,87,5,231,
КРЫМ,Солнечная долина,Кокур Солнечной Долины,2023,88,5,231,
КРЫМ,Солнечная долина,Меганом,2023,88,5,232,
КРЫМ,Солнечная долина,Токлук сухое белое,2023,87,5,232,
КРЫМ,Солнечная долина,Меганом,2023,87,5,232,
КРЫМ,Солнечная долина,Шираз,2023,87,5,232,
КРЫМ,Солнечная долина,Марселан,2023,87,5,233,
КРЫМ,Солнечная долина,Пти Вердо,2023,87,5,233,
КРЫМ,Солнечная долина,Меганом Резерв,2023,87,5,233,
КРЫМ,Солнечная долина,Карииньяна Резерв,2023,87,5,233,
КРЫМ,Шато Ай-Даниль,Каприз,2023,87,5,238,
КРЫМ,Шато Ай-Даниль,Бьянко да Соле,2023,88,5,238,
КРЫМ,Шато Ай-Даниль,Бомонд,2021,88,5,238,
КРЫМ,Шато Ай-Даниль,Секрет,2023,87,5,239,
КРЫМ,Шато Ай-Даниль,Ай-Даниль,2019,90,5,240,
КРЫМ,Шато Ай-Даниль,Трамонто,2020,90,5,241,
Севастополь,AYA Organic Wine & Vineyards,Blush #1,2023,87,4,248,
Севастополь,AYA Organic Wine & Vineyards,Blush #2,2023,87,4,248,
Севастополь,AYA Organic Wine & Vineyards,Blush #3,2023,87,4,248,
Севастополь,AYA Organic Wine & Vineyards,Blush #4,2023,87,4,248,
Севастополь,AYA Organic Wine & Vineyards,Evolution Chardonnay,2023,87,4,249,
Севастополь,AYA Organic Wine & Vineyards,Evolution Pinot Noir,2023,87,4,250,
Севастополь,AYA Organic Wine & Vineyards,Purity in Merlot,2023,88,5,251,
Севастополь,AYA Organic Wine & Vineyards,Purity in Syrah,2023,88,5,251,
Севастополь,AYA Organic Wine & Vineyards,Purity in Trinity,2023,88,5,252,
Севастополь,AYA Organic Wine & Vineyards,Purity in Syrah,2023,88,5,252,
Севастополь,Bogovich Wine & Vineyard,Фаина,2023,87,4,253,
Севастополь,Bogovich Wine & Vineyard,Кларет,2023,87,4,254,
Севастополь,Bogovich Wine & Vineyard,Каберне Совиньон,2021,88,5,254,
Севастополь,Bogovich Wine & Vineyard,Пино Нуар,2021,88,5,255,
Севастополь,Château Cachalot,Рислинг,2023,89,5,256,
Севастополь,Château Cachalot,Шенен Блан,2023,88,5,257,
Севастополь,Château Cachalot,Пино Нуар,2023,88,5,258,
Севастополь,Château Cachalot,Сира,2023,88,5,258,
Севастополь,Domaine Lipko,Sauvignon Blanc,2023,88,5,259,
Севастополь,Domaine Lipko,Gruner,2023,88,5,259,
Севастополь,Domaine Lipko,Riesling M,2023,88,5,260,
Севастополь,Domaine Lipko,Penpalo Chardonnay,2023,88,5,260,
Севастополь,Domaine Lipko,White Blend,2022,89,5,261,
Севастополь,Domaine Lipko,Petit Verdot,2022,88,5,261,
Севастополь,Domaine Lipko,Blaufrankisch,2022,88,5,262,
Севастополь,Domaine Lipko,Syrah,2023,88,5,263,
Севастополь,Domaine Lipko,Pinot Noir,2023,89,5,263,
Севастополь,Domaine Lipko,Penpalo Cabernet Sauvignon,2022,88,5,264,
Севастополь,Gavras,Сира,2023,88,5,265,
Севастополь,Gavras,Арені,2022,88,5,266,
Севастополь,Le K2,Совиньон Блан. В тумане,2023,88,4,269,
Севастополь,Le K2,Рислинг. Васал,2023,88,5,269,
Севастополь,Le K2,Коломбар. В тени,2023,88,5,270,
Севастополь,Le K2,Пино Нуар,2022,88,4,270,
Севастополь,Le K2,Бандит Blanc de Noirs,2023,88,4,270,
Севастополь,Le K2,Шардоне – Кокур – Вионье,2023,89,4,271,
Севастополь,Le K2,В глубине,2023,89,4,271,
Севастополь,Le K2,Сира – Коломбар. Темная роза,2023,87,4,271,
Севастополь,Le K2,Сира – Мерло. На камнях и песке,2023,88,4,272,
Севастополь,Rem Akchurin,Бриют розе,2023,89,5,273,
Севастополь,Rem Akchurin,Мускат,2023,89,5,274,
Севастополь,Rem Akchurin,Ркацители,2022,87,5,274,
Севастополь,Rem Akchurin,Рислинг,2023,88,5,275,
Севастополь,Rem Akchurin,Шардоне,2023,88,5,275,
Севастополь,STN Winery,WIESS,2023,88,5,277,
Севастополь,STN Winery,Traminer,2023,89,5,277,
Севастополь,STN Winery,Трио Алиготе,2023,89,5,278,
Севастополь,STN Winery,Chardonnay vol.2,2022,89,5,278,
Севастополь,STN Winery,Saignee,2023,89,5,279,
Севастополь,STN Winery,Syrah,2022,88,5,279,
Севастополь,STN Winery,Cyberpunk,2020,90,5,279,
Севастополь,Radio Wine,Мускат Амбер,2023,88,5,281,
Севастополь,Radio Wine,Каберне Фран,2021,87,4,281,
Севастополь,Uppa Winery,Kokur. Chernaya River Valley,2023,87,3,283,
Севастополь,Uppa Winery,Muscat Blanc.,2023,87,3,283,
Севастополь,Uppa Winery,Chernaya River Valley,2023,89,3,284,
Севастополь,Uppa Winery,Pinot Noir. Cler Nummulite,2022,89,3,284,
Севастополь,Uppa Winery,Pinot Noir. Cler Polati,2022,88,3,284,
Севастополь,Uppa Winery,Riesling Oak. Chernaya River Valley,2022,92,3,286,
Севастополь,Uppa Winery,Nebbiolo. Chernaya River Valley,2021,90,3,286,
Севастополь,Uppa Winery,Cabernet Sauvignon – Merlot. Cler Nummulite,2021,92,3,286,
Севастополь,Vibes,Silvaner,2022,87,3,287,
Севастополь,Vibes,Silvaner Barrel Fermented,2022,87,3,287,
Севастополь,Vibes,Aligote Barrel Fermented,2023,87,4,289,
Севастополь,Vibes,Cabernet Franc – Pinot Noir,2022,87,4,290,
Севастополь,Vibes,Montepulciano – Cabernet Franc – Petit Verdot,2022,88,4,291,
Севастополь,Андрюс Юцис,Шенен Блан,2023,88,5,292,
Севастополь,Андрюс Юцис,Вионье,2023,87,4,294,
Севастополь,Андрюс Юцис,Рислинг,2023,87,5,294,
Севастополь,Андрюс Юцис,Рислинг Резерв,2021,89,5,295,
Севастополь,Андрюс Юцис,Пино Нуар,2023,87,5,295,
Севастополь,Бельбек,Кокур,2023,87,5,300,
Севастополь,Бельбек,Семильон Резерв,2023,87,5,301,
Севастополь,Бельбек,Рислинг,2021,88,5,301,
Севастополь,Бельбек,Рислинг Резерв,2021,89,5,302,
Севастополь,Бельбек,Мускат,2023,89,5,302,
Севастополь,Бельбек,Розе Сира,2023,88,5,303,
Севастополь,Бельбек,Саперави Резерв,2023,89,5,304,
Севастополь,Бельбек,Каберне Фран,2021,88,5,304,
Севастополь,Бельбек,Пино Нуар,2023,89,5,304,
Севастополь,Бельбек,Каберне Совиньон Резерв,2023,89,5,304,
Севастополь,Бельбек,Сира Резерв,2023,89,5,304,
Севастополь,Бельбек,Пино Нуар Резерв,2023,89,5,304,
Севастополь,Винодельня 78,Мускат полусладкое,2023,87,5,305,
Севастополь,Винодельня 78,Алиготе Отборное,2022,87,5,305,
Севастополь,Винодельня 78,Мускат Отборный,2023,88,5,305,
Севастополь,Винодельня 78,Саперави,2021,88,5,305,
Севастополь,Винодельня 78,1783,2021,89,5,305,
Севастополь,Винодельня 78,1783 Резерв,2021,89,5,305,
Севастополь,Золотая Балка,Балаклава Шардоне,2023,89,5,308,
Севастополь,Золотая Балка,Балаклава Мускат,2023,89,5,308,
Севастополь,Золотая Балка,Cuvée de Vitmer,2020,89,5,308,
Севастополь,Золотая Балка,Cuvée de Vitmer Blanc de Blancs,2020,89,5,308,
Севастополь,Золотая Балка,Балаклава Пино Нуар,2023,88,5,310,
Севастополь,Золотая Балка,Балаклава розе Резерв,2023,88,5,310,
Севастополь,Золотая Балка,Black Prince Blanc de Noirs,2019,91,5,310,
Севастополь,Золотая Балка,Cuvée de Vitmer розе,2021,90,5,311,
Севастополь,Loco Cimbali,Вионье,2023,89,5,314,
Севастополь,Loco Cimbali,Пино Блан,2023,88,5,314,
Севастополь,Loco Cimbali,Рислинг,2022,88,5,315,
Севастополь,Loco Cimbali,Рислинг,2021,88,5,315,
Севастополь,Loco Cimbali,Оранж,2023,88,5,316,
Севастополь,Loco Cimbali,Шардоне,2022,89,5,317,
Севастополь,Loco Cimbali,Мерло,2022,89,5,317,
Севастополь,Loco Cimbali,Пино Менье,2023,88,5,318,
Севастополь,Loco Cimbali,Пино Нуар,2021,88,5,318,
Севастополь,Loco Cimbali,Каберне Совиньон,2020,88,5,317,
Севастополь,Loco Cimbali,Куприн,2020,89,5,318,
Севастополь,Loco Cimbali,Blanc de Neige,2022,91,5,322,
Севастополь,Инкерман,Шардоне Winemaker’s selection брют,2023,87,5,322,
Севастополь,Инкерман,Каберне Совиньон Winemaker’s selection брют розе,2023,87,5,322,
Севастополь,Инкерман,Совиньон Блан Sеvre,2022,88,5,323,
Севастополь,Инкерман,Шардоне Winemaker’s selection,2022,89,5,323,
Севастополь,Инкерман,Гурджи по-кахетински Эритаж,2017,87,5,323,
Севастополь,Инкерман,Ркацители Special Reserve,2022,88,5,324,
Севастополь,Инкерман,Кефесия,2022,88,5,324,
Севастополь,Инкерман,Индий авторский купаж Эритаж,2017,88,5,324,
Севастополь,Инкерман,Каберне классическое Эритаж,2020,89,4,325,
Севастополь,Инкерман,Саперави классическое Эритаж,2018,87,5,325,
Севастополь,Инкерман,Каберне Special Reserve,2022,88,5,325,
Севастополь,Инкерман,Каберне Фран Special Reserve,2022,88,4,326,
Севастополь,Инкерман,Каберне – Мерло Special Reserve,2020,88,4,326,
Севастополь,Инкерман,Мерло Special Reserve,2019,88,4,326,
Севастополь,Инкерман,Бастардо Special Reserve,2019,89,5,326,
Севастополь,Инкерман,Бастардо – Мерло – Саперави Special Reserve,2020,89,5,327,
Севастополь,Инкерман,Каберне – Мерло – Саперави Special Reserve,2018,89,5,327,
Севастополь,Олег Репин,Саперави Special Reserve,2023,88,5,327,
Севастополь,Олег Репин,Riesling,2023,88,5,328,
Севастополь,Олег Репин,Pinot Blanc,2022,88,5,328,
Севастополь,Олег Репин,Duvankoy Aligote,2023,88,5,328,
Севастополь,Олег Репин,Pinot Noir B,2022,88,5,329,
Севастополь,Олег Репин,Саперави,2023,88,5,329,
Севастополь,Олег Репин,Pinot Noir,2022,88,5,329,
Севастополь,Олег Репин,Рубиновый Магарача,2017,88,5,330,
Севастополь,Олег Репин,Рубиновый Магарача,2014,89,4,330,
Севастополь,Олег Репин,Listva Syrah,2022,89,5,330,
Севастополь,Олег Репин,Listva Cabernet Sauvignon,2022,90,4,331,
Севастополь,Ivan & Ksenia Kruz,Argonne Riesling,2023,87,4,332,
Севастополь,Ivan & Ksenia Kruz,Argonne Sauvignon Blanc,2023,87,4,332,
Севастополь,Ivan & Ksenia Kruz,Argonne Chardonnay,2023,88,4,333,
Севастополь,Argonne,Pinot Noir,2023,87,4,337,
Севастополь,Argonne,Syrah,2023,89,4,337,
Севастополь,Винодельня Новозаведеное,Сильванер,2023,87,5,339,
Севастополь,Винодельня Новозаведеное,Слезы бывших,2023,87,5,340,
Севастополь,Vino & Nebo,Aligote Sur Lie,2023,87,4,343,
Севастополь,Vladimir Tsvetkov,Каберне Совиньон,2023,87,4,346,
Севастополь,Vladimir Tsvetkov,Пино Нуар,2023,87,4,347,
Севастополь,Vladimir Tsvetkov,Мерло,2023,89,4,347,
Севастополь,Vladimir Tsvetkov,Сира,2023,89,4,347,
Севастополь,Oxana Istratova,Вионье,2023,87,4,350,
Севастополь,Wine,Ркацители,2023,87,4,350,
Севастополь,Wine,Саперави,2023,87,4,350,
Севастополь,TAKOEVINO,Петнат белое,2023,87,5,356,
Севастополь,TAKOEVINO,Гевюрцтраминер экстра брют,2022,88,5,349,
Севастополь,TAKOEVINO,Пино Нуар экстра брют розе,2022,88,5,350,
Севастополь,Коммуналка,Шардоне,2023,87,5,350,
Севастополь,Коммуналка,Aligote Sur Lie,2023,87,5,350,
Севастополь,Коммуналка,Syrah Glu,2023,87,4,355,
Севастополь,Усадьба,Совиньон Блан,2023,88,5,356,
Севастополь,Мангуп,Шардоне – Рислинг,2023,87,5,356,
Севастополь,Мангуп,Розе,2023,88,5,356,
Севастополь,Мангуп,Пино Нуар,2022,87,5,357,
Севастополь,Мангуп,Сира,2022,87,5,357,
Севастополь,Мангуп,Мерло – Каберне Совиньон – Каберне Фран,2022,88,5,357,
Севастополь,Усадьба Родное Гнездо,4 elements. Рислинг,2022,87,5,361,
Севастополь,Усадьба Родное Гнездо,4 elements. Совиньон Блан,2022,87,5,361,
Севастополь,Усадьба Родное Гнездо,4 elements. Шардоне,2022,88,5,365,
Севастополь,Усадьба Родное Гнездо,4 elements. Сира,2022,87,5,365,
Севастополь,Усадьба Родное Гнездо,4 elements. Каберне Совиньон,2022,87,5,367,
Севастополь,Усадьба Перовских,Blanc de Blancs,2022,87,5,367,
Севастополь,Усадьба Перовских,Брют розе,2022,87,5,367,
Севастополь,Усадьба Перовских,Брют розе,2022,87,5,367,
Севастополь,Усадьба Перовских,Алиготе. Лимитированная серия,2022,87,5,365,
Севастополь,Усадьба Перовских,Рислинг Резерв,2022,87,5,365,
Севастополь,Усадьба Перовских,Ркацители Оранж,2023,88,5,365,
Севастополь,Усадьба Перовских,Кокур Оранж,2022,88,5,366,
Севастополь,Усадьба Перовских,Мерло – Каберне Совиньон,2022,87,5,366,
Севастополь,Усадьба Перовских,Pithos. Каберне Совиньон – Мерло,2018,87,5,365,
Севастополь,Усадьба Перовских,Пино Нуар Резерв,2021,87,5,366,
Севастополь,Усадьба Перовских,Сира,2022,88,5,366,
Севастополь,Усадьба Перовских,Каберне Фран Резерв,2022,88,5,367,
Севастополь,Усадьба Перовских,Мерло. Лимитированная серия,2021,88,5,386,
Севастополь,Усадьба Перовских,Каберне Фран 1890,2019,88,5,367,
Севастополь,Усадьба Перовских,Каберне Совиньон – Мерло 1890,2021,88,5,366,
Севастополь,Belmas Winery,Riesling Katya Belmas,2022,87,5,372,
Севастополь,Belmas Winery,Viognier Belmas,2023,87,4,373,
Севастополь,Belmas Winery,Pinot Gris Belmas,2022,87,4,373,
Севастополь,Belmas Winery,Syrah Katya Belmas,2023,87,4,373,
Севастополь,Belmas Winery,Cabernet Franc Belmas,2022,87,5,374,
Севастополь,Yaiyla Winery,Yaiyla Reserve Chardonnay,2022,87,5,375,
Севастополь,Yaiyla Winery,Yaiyla orange Riesling,2023,87,5,376,
Севастополь,Yaiyla Winery,Yaiyla Riesling,2022,87,5,377,
Севастополь,Yaiyla Winery,Yaiyla Kokur White Blush,2022,88,4,377,
Севастополь,Yaiyla Winery,Yaiyla Syrah – Viognier,2022,88,5,377,
Севастополь,Yaiyla Winery,Pinot Meunier Cosmos,2021,88,5,377,
Севастополь,Два Сердца,Мускат,2023,87,4,379,
Севастополь,Два Сердца,Пти Мансенг,2022,88,5,379,
Севастополь,Усадьба Александровская,Шардоне,2023,87,4,380,
Севастополь,Усадьба Александровская,Душенька,2023,88,5,381,
Севастополь,Усадьба Александровская,Оранж,2023,88,5,381,
Севастополь,Усадьба Александровская,Пино Нуар,2023,88,5,382,
Севастополь,Усадьба Александровская,Каберне Совиньон - Мерло - Каберне Фран,2022,89,6,382,
Севастополь,Усадьба Александровская,Пти Вердо,2022,88,5,383,
Севастополь,Усадьба Александровская,Бубновый валет,2023,87,4,383,
Севастополь,Усадьба Александровская,Каберне Совиньон,2023,88,5,384,
Севастополь,Шипы и Лозы,Пять Дам полусладкое,2023,85,3,384,
Севастополь,Шипы и Лозы,Пять Дам экстра брют,2023,86,4,385,
Севастополь,Шипы и Лозы,Пять Дам брют розе,2023,85,3,385,
Кубань. Долина реки Афипс,Собер Баш,Кумшацкий. Классика,2023,87,5,392,
Кубань. Долина реки Афипс,Собер Баш,Мюллер Тургау. Классика,2023,87,5,392,
Кубань. Долина реки Афипс,Собер Баш,Пино Гри. Классика,2023,88,5,393,
Кубань. Долина реки Афипс,Собер Баш,Хихви Амфора. Грани,2023,88,5,393,
Кубань. Долина реки Афипс,Собер Баш,Рислинг. Классика,2023,89,6,394,
Кубань. Долина реки Афипс,Собер Баш,Гранатовый. Грани,2023,88,5,394,
Кубань. Долина реки Афипс,Собер Баш,Корвина. Классика,2023,88,5,395,
Кубань. Долина реки Афипс,Собер Баш,Красностоп. Классика,2023,89,5,395,
Кубань. Долина реки Афипс,Собер Баш,Рубин&Рубин. Грани,2023,89,6,396,
Кубань. Долина реки Афипс,Собер Баш,Ркацители Амфора. Грани,2023,91,6,396,
Кубань. Анапа,Dubinin Winery,Совиньон Блан,2023,87,4,402,
Кубань. Анапа,Dubinin Winery,Рислинг,2023,88,5,403,
Кубань. Анапа,Dubinin Winery,Розе Мерло,2023,87,4,404,
Кубань. Анапа,Винодельня Бердяева,Шардоне,2023,86,4,405,
Кубань. Анапа,Винодельня Бердяева,Рислинг,2022,88,5,405,
Кубань. Анапа,Винодельня Бердяева,Каберне Совиньон,2022,87,5,406,
Кубань. Анапа,Винодельня Бердяева,Каберне Фран,2022,87,5,406,
Кубань. Анапа,Винодельня Бердяева,Каберне,2022,87,5,407,
Кубань. Анапа,Виноградники Гай-Кодзора,Sauvignon Blanc de GAÏ·Kodzor,2023,88,5,409,
Кубань. Анапа,Виноградники Гай-Кодзора,Roussanne de GAÏ·Kodzor,2023,88,5,409,
Кубань. Анапа,Виноградники Гай-Кодзора,Terroir Blanc de GAÏ·Kodzor,2022,87,5,410,
Кубань. Анапа,Виноградники Гай-Кодзора,Viognier de GAÏ·Kodzor,2022,88,5,410,
Кубань. Анапа,Виноградники Гай-Кодзора,Muscat GAÏ·Kodzor,2022,88,5,411,
Кубань. Анапа,Виноградники Гай-Кодзора,Rose de GAÏ·Kodzor,2022,87,5,411,
Кубань. Анапа,Виноградники Гай-Кодзора,Terroir Red KLEN de GAÏ·Kodzor,2023,89,5,412,
Кубань. Анапа,Винодельня Марченко,Свежий ветер. Мцване,2023,87,4,414,
Кубань. Анапа,Винодельня Марченко,Гечи Заматош,2023,89,5,415,
Кубань. Анапа,Винодельня Марченко,Красностоп Золотовский,2022,87,4,415,
Кубань. Анапа,Винодельня Марченко,Рубин,2023,87,4,416,
Кубань. Анапа,Винодельня Марченко,Мерло,2022,87,4,417,
Кубань. Анапа,Галицкий и Галицкий,Рислинг Всоркин Бугор,2023,88,5,418,
Кубань. Анапа,Галицкий и Галицкий,Рислинг Скумпиика,2022,88,5,418,
Кубань. Анапа,Галицкий и Галицкий,Совиньон Блан,2022,89,5,419,
Кубань. Анапа,Галицкий и Галицкий,Шардоне,2023,89,5,419,
Кубань. Анапа,Галицкий и Галицкий,Балет Блан,2022,89,5,420,
Кубань. Анапа,Галицкий и Галицкий,Розе,2023,89,5,420,
Кубань. Анапа,Галицкий и Галицкий,Пино Нуар Джавара,2023,89,5,421,
Кубань. Анапа,Галицкий и Галицкий,Каберне Совиньон,2023,89,5,421,
Кубань. Анапа,Галицкий и Галицкий,Неббиоло,2021,90,5,422,
Кубань. Анапа,Галицкий и Галицкий,Cosaque,2023,92,5,422,
Кубань. Анапа,Галицкий и Галицкий,Le Général Hiver,2021,93,5,423,
Кубань. Анапа,Сенетх,Хихви,2023,87,5,426,
Кубань. Анапа,Сенетх,Рислинг. Два дубка,2023,87,5,426,
Кубань. Анапа,Сенетх,Белый бленд. Два дубка,2023,87,5,426,
Кубань. Анапа,Сенетх,Шу-Шу,2023,87,5,427,
Кубань. Анапа,Сенетх,Глу-Глу,2023,87,5,427,
Кубань. Анапа,Сенетх,Саперави,2021,88,5,427,
Кубань. Анапа,Скалистый берег,Blanc de Noirs,2020,89,5,430,
Кубань. Анапа,Скалистый берег,Ветер в травах.,2022,88,5,430,
Кубань. Анапа,Скалистый берег,Дыхание волн,2023,87,5,431,
Кубань. Анапа,Скалистый берег,Скалистый берег. Рислинг,2023,87,5,431,
Кубань. Анапа,Скалистый берег,Высота 172. Совиньон Блан,2022,87,5,431,
Кубань. Анапа,Скалистый берег,Высота 172. Вионье,2021,88,5,432,
Кубань. Анапа,Скалистый берег,Скалистый берег. Совиньон Блан,2023,88,5,432,
Кубань. Анапа,Скалистый берег,Скалистый берег. Шардоне,2022,89,5,432,
Кубань. Анапа,Скалистый берег,Ветер в травах. Шепот цветов,2023,87,5,432,
Кубань. Анапа,Скалистый берег,Ветер в травах. Песнь холмов,2023,87,5,432,
Кубань. Анапа,Скалистый берег,Высота 172. Каберне Фран,2021,87,5,433,
Кубань. Анапа,Скалистый берег,Скалистый берег. Каберне Совиньон,2020,88,5,433,
Кубань. Анапа,Скалистый берег,Скалистый берег. Пино Нуар,2022,88,5,434,
Кубань. Анапа,Скалистый берег,Скалистый берег.Красностоп Золотовский,2020,89,5,434,
Кубань. Анапа,Скалистый берег,Скалистый берег. Каберне Фран,2022,89,5,435,
Кубань. Анапа,Скалистый берег,Красная книга. Глава 2,2022,90,5,435,
Кубань. Анапа,Скалистый берег,Красная книга. Глава 1,2020,93,5,436,
Кубань. Анапа,Шумринка,Шумринка экстра брю,2020,89,5,436,
Кубань. Анапа,Шумринка,Шумринка экстра брю,2020,89,5,437,
Кубань. Анапа,Шумринка,Семисам. Рислинг – Пино Блан,2023,87,5,441,
Кубань. Анапа,Шумринка,Семисам белое,2023,87,5,441,
Кубань. Анапа,Шумринка,Петрикор. Совиньон Блан,2023,87,5,441,
Кубань. Анапа,Шумринка,Петрикор. Алиготе,2023,87,5,441,
Кубань. Анапа,Шумринка,Петрикор. Мальвазия,2023,87,5,441,
Кубань. Анапа,Шумринка,ПАРИ,2023,87,5,442,
Кубань. Анапа,Шумринка,Семисам красное,2022,88,5,442,
Кубань. Анапа,Шумринка,Семисам красное Резерв,2022,88,5,442,
Кубань. Анапа,Шумринка,Семисам. Саперави – Сира Резерв,2022,88,5,443,
Кубань. Анапа,Шумринка,Семисам. Мерло – Каберне Совиньон,2022,88,5,443,
Кубань. Анапа,Шумринка,Петрикор. Пино Нуар,2023,89,5,445,
Кубань. Анапа,Шумринка,Петрикор красное,2022,90,5,445,
Кубань. Анапа,Шумринка,Фрисон,2023,89,5,446,
Кубань. Анапа,Шумринка,АССА,2022,89,5,446,
Кубань. Анапа,V2P,Рислинг,2023,87,5,449,
Кубань. Анапа,V2P,Совиньон Блан,2023,87,5,449,
Кубань. Анапа,Винодельня Бегильдиева,Мерло,2023,87,5,451,
Кубань. Анапа,Табия,Каберне Совиньон,2023,87,5,450,
Кубань. Анапа,Табия,Мерло,2023,88,5,452,
Кубань. Анапа,Усадьба Меркотан,ДНК. Рислинг,2023,87,5,453,
Кубань. Анапа,Усадьба Меркотан,ДНК. Каберне Фран,2023,88,5,453,
Кубань. Анапа,Павлеков,Мускат,2023,87,5,456,
Кубань. Анапа,Павлеков,Пти Вердо,2022,88,5,467,
Кубань. Анапа,Павлеков,Карменер,2022,88,5,458,
Кубань. Анапа,Винодельня Щербина,Совиньон Блан,2023,87,5,461,
Кубань. Анапа,Винодельня Щербина,Каберне Совиньон,2021,87,5,461,
Кубань. Анапа,Винодельня Щербина,Мерло,2020,87,5,461,
Кубань. Анапа,WINEMAFIA,Margarita,2022,87,4,463,
Кубань. Анапа,WINEMAFIA,Amelia,2021,87,4,464,
Кубань. Анапа,WINEMAFIA,Amelia,2020,87,4,464,
Кубань. Анапа,WINEMAFIA,Amelia,2021,87,4,464,
Кубань. Анапа,WINEMAFIA,Naomi Rose,2022,87,4,464,
Кубань. Анапа,WINEMAFIA,Naomi Rose,2021,87,4,464,
Кубань. Анапа,WINEMAFIA,Arie,2021,88,4,465,
Кубань. Анапа,WINEMAFIA,David,2021,88,4,465,
Кубань. Анапа,WINEMAFIA,Бархат,2020,88,5,466,
Кубань. Анапа,WINEMAFIA,David,2020,88,4,466,
Кубань. Геленджик,Château de Talu,Уроки Французского.Совиньон,2023,87,5,474,
Кубань. Геленджик,Château de Talu,Блан,2023,87,4,474,
Кубань. Геленджик,Château de Talu,Совиньон Блан Резерв,2021,87,4,475,
Кубань. Геленджик,Château de Talu,Шардоне Резерв,2021,88,4,475,
Кубань. Геленджик,Château de Talu,Южная Вертикаль. Каберне Фран Резерв,2019,87,4,475,
Кубань. Геленджик,Château de Talu,Красностоп Резерв,2020,88,5,476,
Кубань. Геленджик,Château de Talu,Мерло Резерв,2020,88,5,476,
Кубань. Геленджик,Château de Talu,Каберне Фран Резерв,2020,88,5,476,
Кубань. Геленджик,Château de Talu,Руж,2022,88,5,478,
Кубань. Геленджик,Château de Talu,Энолог,2022,88,5,478,
Кубань. Геленджик,Château de Talu,Карма,2021,88,5,478,
Кубань. Геленджик,Château de Talu,Musique de Talu,2021,88,5,479,
Кубань. Геленджик,Винодельня Криница,Азур,2023,87,5,480,
Кубань. Геленджик,Винодельня Криница,Эстер,2023,88,5,480,
Кубань. Геленджик,Винодельня Криница,Вионь,2022,88,5,480,
Кубань. Геленджик,Винодельня Криница,Рислинг,2022,88,5,480,
Кубань. Геленджик,Винодельня Криница,Арома,2022,88,5,481,
Кубань. Геленджик,Винодельня Криница,Сиракоз,2022,89,5,481,
Кубань. Геленджик,Винодельня Криница,Арена,2023,89,5,482,
Кубань. Геленджик,Винодельня Криница,Коллин,2023,89,5,482,
Кубань. Геленджик,Винодельня Криница,Риваж,2020,89,5,482,
Кубань. Геленджик,Усадьба Дивноморское,Pinot Blanc,2020,88,5,483,
Кубань. Геленджик,Усадьба Дивноморское,Blanc de Blancs,2020,89,5,484,
Кубань. Геленджик,Усадьба Дивноморское,Blanc de Noirs,2020,89,5,484,
Кубань. Геленджик,Усадьба Дивноморское,Солнечный ветер,2023,87,5,485,
Кубань. Геленджик,Усадьба Дивноморское,Холодный туман,2023,87,5,485,
Кубань. Геленджик,Усадьба Дивноморское,Белое пламя,2022,88,5,485,
Кубань. Геленджик,Усадьба Дивноморское,Chardonnay,2022,88,5,486,
Кубань. Геленджик,Усадьба Дивноморское,Pinot Blanc,2022,88,5,486,
Кубань. Геленджик,Усадьба Дивноморское,Traminer,2022,89,5,486,
Кубань. Геленджик,Усадьба Дивноморское,Riesling,2022,89,5,487,
Кубань. Геленджик,Усадьба Дивноморское,East Hill Blend,2022,89,5,487,
Кубань. Геленджик,Усадьба Дивноморское,Muscat Ottonel,2020,88,5,487,
Кубань. Геленджик,Усадьба Дивноморское,Солист,2023,88,5,487,
Кубань. Геленджик,Усадьба Дивноморское,Вечерница,2023,87,5,488,
Кубань. Геленджик,Усадьба Дивноморское,Южный лес,2019,88,5,488,
Кубань. Геленджик,Усадьба Дивноморское,Cabernet Sauvignon,2019,88,5,488,
Кубань. Геленджик,Усадьба Дивноморское,Rebo,2019,89,5,489,
Кубань. Геленджик,Усадьба Дивноморское,Marselan,2019,89,5,489,
Кубань. Геленджик,Усадьба Дивноморское,Pinot Noir,2022,89,5,493,
Кубань. Геленджик,Усадьба Дивноморское,Grande Cuvée,2019,91,5,493,
Кубань. Геленджик,Усадьба Дивноморское,Maris Blanc de Noirs,2015,91,5,494,
Кубань. Геленджик,Усадьба Дивноморское,West Hill Blend,2021,90,5,495,
Кубань. Геленджик,Усадьба Маркотх,Вионье,2023,88,5,498,
Кубань. Геленджик,Усадьба Маркотх,Алиготе,2023,88,5,498,
Кубань. Геленджик,Усадьба Маркотх,Кюве Блан,2023,85,5,498,
Кубань. Геленджик,Усадьба Маркотх,Шардоне,2023,89,5,499,
Кубань. Геленджик,Усадьба Маркотх,Каберне Совиньон Резерв,2022,88,5,499,
Кубань. Геленджик,Усадьба Маркотх,Марселан Резерв,2022,86,5,500,
Кубань. Геленджик,Усадьба Маркотх,Сира Резерв,2022,89,5,500,
Кубань. Геленджик,Усадьба Маркотх,Кюве №1 Резерв,2023,88,5,500,
Кубань. Геленджик,Усадьба Маркотх,Саперави,2019,89,5,505,
Кубань. Геленджик,Усадьба Маркотх,Мальвазия Оранж,2022,89,5,505,
Кубань. Геленджик,Усадьба Маркотх,Мерло Резерв,2022,89,5,505,
Кубань. Геленджик,Усадьба Маркотх,Сира Резерв магнум,2019,94,5,505,
Кубань. Геленджик,Усадьба Мезибь,Старая дорога на Джанхот.,2019,87,4,506,
Кубань. Геленджик,Усадьба Мезибь,Шардоне – Вионье,2019,87,4,506,
Кубань. Геленджик,Усадьба Мезибь,Усадьба Мезибь.,2023,88,5,507,
Кубань. Геленджик,Усадьба Мезибь,Шардоне – Вионье,2023,89,5,507,
Кубань. Геленджик,Усадьба Мезибь,Усадьба Мезибь. Шардоне,2023,89,5,507,
Кубань. Геленджик,Усадьба Мезибь,Усадьба Мезибь. Шардоне,2022,88,5,507,
Кубань. Геленджик,Усадьба Мезибь,Усадьба Мезибь. Вионье,2023,86,5,507,
Кубань. Геленджик,Усадьба Мезибь,Шишка Розе. Мерло – Вионье,2023,87,5,508,
Кубань. Геленджик,Усадьба Мезибь,Шишка Розе. Пино Нуар,2023,87,5,508,
Кубань. Геленджик,Усадьба Мезибь,Шишка. Купаж №5. Розе,2023,86,5,508,
Кубань. Геленджик,Усадьба Мезибь,Усадьба Мезибь. Каберне Совиньон,2021,87,5,508,
Кубань. Геленджик,Усадьба Мезибь,Усадьба Мезибь. Мерло,2021,88,5,509,
Кубань. Геленджик,Усадьба Мезибь,Усадьба Мезибь. Каберне Совиньон,2019,88,5,509,
Кубань. Геленджик,Усадьба Мезибь,Каберне Фран – Мерло,2019,89,5,509,
Кубань. Геленджик,Усадьба Мезибь,Старая дорога на Джанхот.,2019,89,5,510,
Кубань. Геленджик,Усадьба Мезибь,Каберне Совиньон – Каберне Фран,2022,92,5,510,
"КУБАНЬ, КРЫМСК",Château André,Шардоне,2023,88,4,518,
"КУБАНЬ, КРЫМСК",Château André,Цвайгельт,2024,87,4,518,
"КУБАНЬ, КРЫМСК",Château André,Мадо,2024,86,4,518,
"КУБАНЬ, КРЫМСК",Château André,Пино Нуар,2023,87,4,518,
"КУБАНЬ, КРЫМСК",Château André,Каберне Фран,2024,87,4,519,
"КУБАНЬ, КРЫМСК",Château André,Мерло,2023,84,4,519,
"КУБАНЬ, КРЫМСК",Château le Grand Vostock,Vostock Blanc,2024,85,5,525,
"КУБАНЬ, КРЫМСК",Château le Grand Vostock,Pinot Gris Reserve,2022,88,5,525,
"КУБАНЬ, КРЫМСК",Château le Grand Vostock,Cadet Karsov,2022,87,5,526,
"КУБАНЬ, КРЫМСК",Château le Grand Vostock,Sauvignon Blanc Reserve,2023,89,5,526,
"КУБАНЬ, КРЫМСК",Château le Grand Vostock,Cuvee Karsov Reserve,2023,88,5,526,
"КУБАНЬ, КРЫМСК",Château le Grand Vostock,Pinot Gris Rose Reserve,2023,87,5,527,
"КУБАНЬ, КРЫМСК",Château le Grand Vostock,Fagotine,2024,87,5,527,
"КУБАНЬ, КРЫМСК",Château le Grand Vostock,Krasnostop Reserve,2023,88,5,527,
"КУБАНЬ, КРЫМСК",Château le Grand Vostock,Le Chene Royal Reserve,2022,89,5,528,
"КУБАНЬ, КРЫМСК",Château le Grand Vostock,Grand Karsov,2022,91,5,528,
"КУБАНЬ, КРЫМСК",Gunko Winery,Blanc de Blancs,2021,88,5,528,
"КУБАНЬ, КРЫМСК",Gunko Winery,Брут розе,2021,88,5,528,
"КУБАНЬ, КРЫМСК",Gunko Winery,Monumental брют,2019,89,5,528,
"КУБАНЬ, КРЫМСК",Gunko Winery,Рислинг,2023,88,5,529
"КУБАНЬ, КРЫМСК",Gunko Winery,Рислинг Резерв,2023,88,5,529,
"КУБАНЬ, КРЫМСК",Gunko Winery,Совиньон Блан Gunko Winery,2023,88,5,529,
"КУБАНЬ, КРЫМСК",Gunko Winery,Розе,2022,88,5,530,
"КУБАНЬ, КРЫМСК",Gunko Winery,Саперави Gunko Winery,2021,88,5,530,
"КУБАНЬ, КРЫМСК",Gunko Winery,Каберне Фран Gunko Winery,2021,88,5,530,
"КУБАНЬ, КРЫМСК",Gunko Winery,Мальбек,2022,88,5,531,
"КУБАНЬ, КРЫМСК",Gunko Winery,Красные Линии,2022,89,4,531,
"КУБАНЬ, КРЫМСК",Gunko Winery,Monumental Саперави,2021,89,4,531,
"КУБАНЬ, КРЫМСК",LeGato,Совиньон Блан,2023,88,5,531,
"КУБАНЬ, КРЫМСК",LeGato,Шардонэ,2023,88,5,532,
"КУБАНЬ, КРЫМСК",LeGato,Пино Нуар,2022,88,5,532,
"КУБАНЬ, КРЫМСК",LeGato,Саперави,2022,88,5,532,
"КУБАНЬ, КРЫМСК",LeGato,Мерло,2022,88,5,532,
"КУБАНЬ, КРЫМСК",LeGato,Каберне Фран,2020,88,5,534,
"КУБАНЬ, КРЫМСК",Mantra Estate,Совиньон Блан,2023,88,5,538,
"КУБАНЬ, КРЫМСК",Mantra Estate,Сира Розе,2023,88,5,539,
"КУБАНЬ, КРЫМСК",Mantra Estate,Шардонэ,2023,91,4,539,
"КУБАНЬ, КРЫМСК",Долина,Лефкадия Белое,2022,89,5,541,
"КУБАНЬ, КРЫМСК",Лефкадия,Розе Мальбек,2022,89,5,542,
"КУБАНЬ, КРЫМСК",Лефкадия,Лефкадия Красное,2023,89,4,544,
"КУБАНЬ, КРЫМСК",Темелион,Темелион Брют,2019,90,4,546,
"КУБАНЬ, КРЫМСК",Темелион,Темелион Брют розе,2019,91,4,547,
"КУБАНЬ, КРЫМСК",Темелион,Темелион Blanc de Blancs,2017,93,4,547,
"КУБАНЬ, КРЫМСК",Николаев и сыновья,Совиньон Блан,2022,88,5,548,
"КУБАНЬ, КРЫМСК",Николаев и сыновья,Вионье,2022,88,5,548,
"КУБАНЬ, КРЫМСК",Николаев и сыновья,Полет шмеля,2020,89,5,548,
"КУБАНЬ, КРЫМСК",Николаев и сыновья,Шардонэ,2021,89,5,549,
"КУБАНЬ, КРЫМСК",Николаев и сыновья,Пти Мансан,2020,89,5,549,
"КУБАНЬ, КРЫМСК",Николаев и сыновья,Облако,2022,89,5,549,
"КУБАНЬ, КРЫМСК",Николаев и сыновья,Шардонэ,2022,89,5,550,
"КУБАНЬ, КРЫМСК",Николаев и сыновья,Сира,2021,88,5,550,
"КУБАНЬ, КРЫМСК",Николаев и сыновья,Каберне Фран,2020,92,5,551,
"КУБАНЬ, КРЫМСК",Гордиенко и Николаев,Петнат Тигруши,2023,87,5,551,
"КУБАНЬ, КРЫМСК",Гордиенко и Николаев,Пино Нуар,2023,88,5,552,
"КУБАНЬ, КРЫМСК",Гордиенко и Николаев,Сира Нуар,2023,89,5,553,
"КУБАНЬ, КРЫМСК",Винный форт Адагум,Кокур белый,2023,87,5,555,
"КУБАНЬ, КРЫМСК",Винный форт Адагум,Рислинг,2023,87,5,555,
"КУБАНЬ, НОВОРОССИЙСК",Nesterov Winery,Солярис,2023,87,5,561,
"КУБАНЬ, НОВОРОССИЙСК",Nesterov Winery,Красностоп – Рубин клэрэ,2023,87,5,561,
"КУБАНЬ, НОВОРОССИЙСК",Абрау-Дюрсо,Abrau Durso Reserve Brut,2020,88,5,564,
"КУБАНЬ, НОВОРОССИЙСК",Абрау-Дюрсо,Victor Dravigny Extra Brut,2021,88,5,564,
"КУБАНЬ, НОВОРОССИЙСК",Абрау-Дюрсо,Victor Dravigny Brut,2021,88,5,564,
"КУБАНЬ, НОВОРОССИЙСК",Абрау-Дюрсо,Brut d’Or Riesling,2021,88,5,565,
"КУБАНЬ, НОВОРОССИЙСК",Абрау-Дюрсо,Brut d’Or Blanc de Blancs,2021,88,5,565,
"КУБАНЬ, НОВОРОССИЙСК",Абрау-Дюрсо,Brut d’Or Blanc de Blancs,2020,88,5,565,
"КУБАНЬ, НОВОРОССИЙСК",Абрау-Дюрсо,Brut d’Or Blanc de Noirs,2021,88,5,566,
"КУБАНЬ, НОВОРОССИЙСК",Абрау-Дюрсо,Brut d’Or Blanc de Noirs,2020,88,5,566,
"КУБАНЬ, НОВОРОССИЙСК",Абрау-Дюрсо,Victor Dravigny Brut Rose,2021,88,5,566,
"КУБАНЬ, НОВОРОССИЙСК",Абрау-Дюрсо,Brut d’Or Rose,2021,88,5,566,
"КУБАНЬ, НОВОРОССИЙСК",Абрау-Дюрсо,Империал Брют Розе,2020,87,5,567,
"КУБАНЬ, НОВОРОССИЙСК",Абрау-Дюрсо,Victor Dravigny красное п/сл,2017,87,5,568,
"КУБАНЬ, НОВОРОССИЙСК",Абрау-Дюрсо,Victor Dravigny красное п/сл,2021,87,5,568,
"КУБАНЬ, НОВОРОССИЙСК",Абрау-Дюрсо,Шардонэ,2021,87,6,569,
"КУБАНЬ, НОВОРОССИЙСК",Абрау-Дюрсо,Рислинг,2021,87,6,569,
"КУБАНЬ, НОВОРОССИЙСК",Абрау-Дюрсо,Рислинг,2020,87,6,569,
"КУБАНЬ, НОВОРОССИЙСК",Абрау-Дюрсо,Пино Нуар,2023,87,6,569,
"КУБАНЬ, НОВОРОССИЙСК",Абрау-Дюрсо,Каберне Совиньон,2022,87,4,569,
"КУБАНЬ, НОВОРОССИЙСК",Абрау-Дюрсо,Victor Dravigny Brut Magnum,2021,90,5,570,
"КУБАНЬ, НОВОРОССИЙСК",Абрау-Дюрсо,Империал Vintage Brut,2022,91,5,571,
"КУБАНЬ, НОВОРОССИЙСК",Абрау-Дюрсо,Александр II Magnum,2022,92,5,571,
"КУБАНЬ, НОВОРОССИЙСК",Абрау-Дюрсо,Империал Vintage Brut Magnum,2020,93,5,572,
"КУБАНЬ, НОВОРОССИЙСК",Винодельня Бюрнье,Саперави,2019,85,5,573,
"КУБАНЬ, НОВОРОССИЙСК",Винодельня Бюрнье,Красностоп,2015,87,4,575,
"КУБАНЬ, НОВОРОССИЙСК",Винодельня Мысхако,Flute Виньоне брю,2023,87,5,578,
"КУБАНЬ, НОВОРОССИЙСК",Винодельня Мысхако,Flute Гевюрцтраминер брю,2023,87,5,578,
"КУБАНЬ, НОВОРОССИЙСК",Винодельня Мысхако,Рислинг Зект. Квинтэссенция. Новое поколение,2023,87,5,578,
"КУБАНЬ, НОВОРОССИЙСК",Винодельня Мысхако,Виньоне. Квинтэссенция брю,2021,87,5,579,
"КУБАНЬ, НОВОРОССИЙСК",Винодельня Мысхако,Мускат. Квинтэссенция брю,2023,87,5,579,
"КУБАНЬ, НОВОРОССИЙСК",Винодельня Мысхако,Блауфранкиш Квинтэссенция брю розе,2023,86,5,579,
"КУБАНЬ, НОВОРОССИЙСК",Винодельня Мысхако,Семильон - Алиготе Резерв,2021,87,5,580,
"КУБАНЬ, НОВОРОССИЙСК",Винодельня Мысхако,Совиньон Блан. Блан Аут,2022,88,5,580,
"КУБАНЬ, НОВОРОССИЙСК",Винодельня Мысхако,Рислинг. Блан Аут,2022,88,5,580,
"КУБАНЬ, НОВОРОССИЙСК",Винодельня Мысхако,Темпранильо. Квинтэссенция. Новое поколение,2022,87,5,581,
"КУБАНЬ, НОВОРОССИЙСК",Винодельня Мысхако,Каберне Фран. Квинтэссенция.Новое поколение,2021,88,5,581,
"КУБАНЬ, НОВОРОССИЙСК",Винодельня Мысхако,Черное из черного,2022,88,5,582,
"КУБАНЬ, НОВОРОССИЙСК",Винодельня Мысхако,Черный удар,2022,88,5,582,
"КУБАНЬ, НОВОРОССИЙСК",Винодельня Мысхако,Черное из красного,2022,88,5,582,
"КУБАНЬ, НОВОРОССИЙСК",Винодельня Мысхако,Мерло. Блэк Аут,2022,88,5,583,
"КУБАНЬ, НОВОРОССИЙСК",Винодельня Мысхако,Шираз. Блэк Аут,2022,89,5,583,
"КУБАНЬ, НОВОРОССИЙСК",Винодельня Мысхако,Каберне Совиньон. Блэк Аут,2022,88,5,583,
"КУБАНЬ, НОВОРОССИЙСК",Раевское,Ренессанс Шардоне,2023,88,5,586,
"КУБАНЬ, НОВОРОССИЙСК",Раевское,Ренессанс белое,2022,89,5,586,
"КУБАНЬ, НОВОРОССИЙСК",Раевское,Генезис белое,2022,89,5,586,
"КУБАНЬ, НОВОРОССИЙСК",Раевское,Парфюм де Терруар розе,2022,89,5,587,
"КУБАНЬ, НОВОРОССИЙСК",Раевское,Ренессанс розовое,2022,87,5,587,
"КУБАНЬ, НОВОРОССИЙСК",Раевское,Глоу,2022,85,5,588,
"КУБАНЬ, НОВОРОССИЙСК",Раевское,Эклего,2022,87,5,588,
"КУБАНЬ, НОВОРОССИЙСК",Раевское,Парфюм де Терруар Руж,2021,87,5,589,
"КУБАНЬ, НОВОРОССИЙСК",Раевское,Ренессанс Пино Нуар,2022,85,5,589,
"КУБАНЬ, НОВОРОССИЙСК",Раевское,Ренессанс Карменер,2022,89,5,589,
"КУБАНЬ, НОВОРОССИЙСК",Раевское,Ренессанс Пти Вердо,2022,85,5,589,
"КУБАНЬ, НОВОРОССИЙСК",Раевское,Ренессанс Темпранильо,2023,89,5,590,
"КУБАНЬ, НОВОРОССИЙСК",Раевское,Ренессанс красный бленд,2023,89,5,590,
"КУБАНЬ, НОВОРОССИЙСК",Раевское,Ренессанс красное,2021,89,5,590,
"КУБАНЬ, НОВОРОССИЙСК",Раевское,Генезис красное,2021,90,5,594,
"КУБАНЬ, НОВОРОССИЙСК",Имение Сикоры,Шардоне. Сикоры,2023,87,4,594,
"КУБАНЬ, НОВОРОССИЙСК",Имение Сикоры,Рислинг. Сикоры,2023,88,5,594,
"КУБАНЬ, НОВОРОССИЙСК",Имение Сикоры,Совиньон Блан. Сикоры,2023,88,5,595,
"КУБАНЬ, НОВОРОССИЙСК",Имение Сикоры,Шардоне. Семейный Резерв,2022,89,5,595,
"КУБАНЬ, НОВОРОССИЙСК",Имение Сикоры,Красностоп на террасах. Розе,2022,87,5,595,
"КУБАНЬ, НОВОРОССИЙСК",Имение Сикоры,Мерло сладкое,2019,89,5,595,
"КУБАНЬ, НОВОРОССИЙСК",Имение Сикоры,Пино Нуар. Сикоры,2022,87,5,596,
"КУБАНЬ, НОВОРОССИЙСК",Имение Сикоры,Герцъ Сикоры,2019,88,5,596,
"КУБАНЬ, НОВОРОССИЙСК",Имение Сикоры,Мерло. Семейный Резерв,2019,88,5,596,
"КУБАНЬ, НОВОРОССИЙСК",Имение Сикоры,Каберне Совиньон. Семейный Резерв,2018,89,5,597,
"КУБАНЬ, НОВОРОССИЙСК",Имение Сикоры,Пино Нуар. Семейный Резерв,2022,89,5,597,
"КУБАНЬ, НОВОРОССИЙСК",Имение Сикоры,Совиньон Блан. Семейный Резерв,2021,90,5,598,
"КУБАНЬ, НОВОРОССИЙСК",Имение Сикоры,Рислинг. Семейный Резерв,2020,90,5,599,
"КУБАНЬ, НОВОРОССИЙСК",Имение Сикоры,Семейное наследие,2019,93,5,600,
"КУБАНЬ, НОВОРОССИЙСК",Имение Сикоры,Рислинг поздний сбор,2017,90,5,601,
"КУБАНЬ, НОВОРОССИЙСК",Имение Сикоры,Красностоп поздний сбор,2019,90,5,602,
"КУБАНЬ, НОВОРОССИЙСК",Сухая Гора,Терруар Совиньон Блан,2023,87,5,603,
"КУБАНЬ, НОВОРОССИЙСК",Сухая Гора,Шардоне,2022,87,5,604,
"КУБАНЬ, НОВОРОССИЙСК",Сухая Гора,Розe,2022,87,5,605,
"КУБАНЬ, НОВОРОССИЙСК",Шато Пино,Колдун Белый,2022,87,5,606,
"КУБАНЬ, НОВОРОССИЙСК",Шато Пино,Шары Колдуна. Троичничок,2023,87,5,607,
"КУБАНЬ, НОВОРОССИЙСК",Шато Пино,Шары Колдуна. Тополек,2023,87,5,608,
"КУБАНЬ, НОВОРОССИЙСК",Шато Пино,Гранд Резерв. Шардоне,2021,87,4,609,
"КУБАНЬ, НОВОРОССИЙСК",Шато Пино,Поздний сбор. Рислинг,2021,87,4,610,
"КУБАНЬ, НОВОРОССИЙСК",Шато Пино,A.G. Poezdnik белое,2022,87,5,611,
"КУБАНЬ, НОВОРОССИЙСК",Шато Пино,Колдун Красный,2022,89,5,612,
"КУБАНЬ, НОВОРОССИЙСК",Шато Пино,Гранд Резерв. Каберне Фран,2023,89,5,613,
"КУБАНЬ, НОВОРОССИЙСК",Шато Пино,Гранд Резерв.,,89,5,,
"КУБАНЬ, НОВОРОССИЙСК",Шато Пино,Каберне Совиньон,2021,89,5,614,
"КУБАНЬ, НОВОРОССИЙСК",Шато Пино,Гранд Резерв. Пино Нуар,2021,89,5,615,
"КУБАНЬ, НОВОРОССИЙСК",Шато Пино,Колдун Красный Резерв,2020,90,5,616,
"КУБАНЬ, НОВОРОССИЙСК",Шато Пино,A.G. Poezdnik красное,2020,93,5,617,
Кубань.Тамань,Кубань-Вино,Anima Aristov Миллезимато,2023,87,5,620,
Кубань.Тамань,Кубань-Вино,Aristov. Cuvée Alexander. Blanc de Blancs,2022,87,5,620,
Кубань.Тамань,Кубань-Вино,Aristov. Cuvée Alexander. Blanc de Noirs,2022,88,5,621,
Кубань.Тамань,Кубань-Вино,Шато Тамань Резерв экстра брют 2021,2021,88,5,622,
Кубань.Тамань,Кубань-Вино,Шато Тамань Селект розе брют,2023,87,5,622,
Кубань.Тамань,Кубань-Вино,Высокий Берег Пино Нуар брют,2022,87,5,623,
Кубань.Тамань,Кубань-Вино,Anima Aristov Миллезимато брют,2023,88,5,623,
Кубань.Тамань,Кубань-Вино,Высокий Берег экстра брют розе,2022,88,5,624,
Кубань.Тамань,Кубань-Вино,Высокий Берег Графит брют розе,2022,88,5,624,
Кубань.Тамань,Кубань-Вино,Шато Тамань Селект Блан,2023,87,5,625,
Кубань.Тамань,Кубань-Вино,Шардоне Шато Тамань Синьятор,2022,87,5,623,
Кубань.Тамань,Кубань-Вино,Высокий Берег. Рислинг выдержанное,2022,87,5,625,
Кубань.Тамань,Кубань-Вино,Высокий берег Графит. Рислинг,2022,87,5,625,
Кубань.Тамань,Кубань-Вино,Шато Тамань Селект Оранж,2023,87,5,626,
Кубань.Тамань,Кубань-Вино,Высокий берег. Грюнер Вельтлинер,2023,88,5,624,
Кубань.Тамань,Кубань-Вино,Шато Тамань Натюр. Оранж,2023,88,5,626,
Кубань.Тамань,Кубань-Вино,Премьер Блан. Шато Тамань Резерв,2021,88,5,625,
Кубань.Тамань,Кубань-Вино,Шардоне. Шато Тамань Резерв,2019,88,5,627,
Кубань.Тамань,Кубань-Вино,Ркацители. Шато Тамань Резерв,2022,89,5,627,
Кубань.Тамань,Кубань-Вино,Anima Aristov. Пино Гриджо Блаш,2023,87,5,628,
Кубань.Тамань,Кубань-Вино,МерНуар. Гренаш,2023,87,5,628,
Кубань.Тамань,Кубань-Вино,Шато Тамань Par la mer,2023,87,5,629,
Кубань.Тамань,Кубань-Вино,Высокий берег. Графит. Розе,2023,87,5,629,
Кубань.Тамань,Кубань-Вино,Шато Тамань Селект Рух,2023,87,5,629,
Кубань.Тамань,Кубань-Вино,Высокий Берег. Графит. Мерло,2020,87,5,630,
Кубань.Тамань,Кубань-Вино,Анчелотта. Шато Тамань Резерв,2020,87,4,630,
Кубань.Тамань,Кубань-Вино,Красностоп. Шато Тамань Резерв,2020,87,5,630,
Кубань.Тамань,Кубань-Вино,Саперави. Шато Тамань Резерв,2020,87,5,631,
Кубань.Тамань,Кубань-Вино,Каберне. Шато Тамань Резерв,2020,87,5,629,
Кубань.Тамань,Кубань-Вино,Премьер Руж. Шато Тамань Резерв,2020,88,5,629,
Кубань.Тамань,Мильстрим,Cellar Blanc de Blancs,2022,87,5,632,
Кубань.Тамань,Мильстрим,Cellar Розе брют,2022,87,5,631,
Кубань.Тамань,Мильстрим,AV молодое сухое,2023,85,5,634,
Кубань.Тамань,Мильстрим,AV молодое полусухое,2023,85,5,634,
Кубань.Тамань,Мильстрим,Аланак брют,2022,87,5,635,
Кубань.Тамань,Мильстрим,Аланак розе полусладкое,2022,87,5,633,
Кубань.Тамань,Мильстрим,Cellar. Каберне Совиньон,2020,88,5,631,
Кубань.Тамань,Мильстрим,Cellar. Мерло,2022,88,5,631,
Кубань.Тамань,Мильстрим,Cellar. Саперави,2022,88,5,632,
Кубань.Тамань,Мильстрим,Cellar Select. Каберне Совиньон,2020,88,5,632,
Кубань.Тамань,Мильстрим,Cellar Select. Саперави,2020,88,5,633,
Кубань.Тамань,Поместье Голубицкое,Рислинг петнат,2023,88,5,636,
Кубань.Тамань,Поместье Голубицкое,Tête de Cheval. Blanc de Blancs,2022,88,5,636,
Кубань.Тамань,Поместье Голубицкое,Tête de Cheval Reserve,2018,88,5,638,
Кубань.Тамань,Поместье Голубицкое,Совиньон Блан,2023,88,5,635,
Кубань.Тамань,Поместье Голубицкое,Оранж. Рислинг Рейнский,2022,87,5,637,
Кубань.Тамань,Поместье Голубицкое,White Blend,2023,87,5,637,
Кубань.Тамань,Поместье Голубицкое,Рислинг Рейнский,2023,87,5,639,
Кубань.Тамань,Поместье Голубицкое,Шардоне,2023,87,5,639,
Кубань.Тамань,Поместье Голубицкое,Шардоне Резерв,2022,88,5,640,
Кубань.Тамань,Поместье Голубицкое,Розе,2023,87,5,640,
Кубань.Тамань,Поместье Голубицкое,Пино Нуар Noble Selection,2023,88,5,641,
Кубань.Тамань,Поместье Голубицкое,Каберне Совиньон,2023,88,5,642,
Кубань.Тамань,Поместье Голубицкое,Red Blend.,2022,87,5,643,
Кубань.Тамань,Поместье Голубицкое,Каберне Совиньон – Мерло,2022,88,5,642,
Кубань.Тамань,Поместье Голубицкое,Мерло,2022,88,5,644,
Кубань.Тамань,Поместье Голубицкое,Мерло Резерв,2022,88,5,644,
Кубань.Тамань,Винодельня Узунов,Гладь,2023,88,5,645,
Кубань.Тамань,Винодельня Узунов,Розе,2023,88,5,645,
Кубань.Тамань,Винодельня Узунов,Бунт,2023,88,5,646,
Кубань.Тамань,Винодельня Узунов,Совиньон Блан,2022,89,5,646,
Кубань.Тамань,Винодельня Узунов,РАШ,2023,89,5,647,
Кубань.Тамань,Винодельня Узунов,РАШ Резерв,2022,89,5,648,
Кубань.Тамань,Винодельня Узунов,Алиготе,2023,89,5,649,
Кубань.Тамань,Винодельня Узунов,Финт,2022,89,5,649,
Кубань.Тамань,Винодельня Узунов,Моно. Саперави,2022,88,5,650,
Кубань.Тамань,Винодельня Узунов,Нрав,2023,88,5,650,
Кубань.Тамань,Фанагория,Primum Alveus Blanc de Noirs,2019,88,5,652,
Кубань.Тамань,Фанагория,Фанагория. Blanc de Noirs,2022,87,5,651,
Кубань.Тамань,Фанагория,Primum Alveus брют,2019,88,5,652,
Кубань.Тамань,Фанагория,Primum Alveus розе,2019,88,5,652,
Кубань.Тамань,Фанагория,Cru Lermont. Рислинг,2022,88,5,653,
Кубань.Тамань,Фанагория,Декантер.,2023,88,5,654,
Кубань.Тамань,Фанагория,Шардоне коллекционное,2019,88,5,655,
Кубань.Тамань,Фанагория,Vivi sur Lie,2023,88,5,655,
Кубань.Тамань,Фанагория,Velvet Season Мускат,2023,88,5,656,
Кубань.Тамань,Фанагория,Rose. Румянец,2023,88,5,657,
Кубань.Тамань,Фанагория,Cru Lermont. Пино Нуар,2022,88,5,657,
Кубань.Тамань,Фанагория,Cru Lermont. Special Reserve,2020,88,5,658,
Кубань.Тамань,Фанагория,Cru Lermont. Каберне Фран,2020,88,5,658,
Кубань.Тамань,Фанагория,Декантер. Формула Q,2020,88,5,659,
Кубань.Тамань,Фанагория,Формула Q,2020,88,5,659,
Кубань.Тамань,Фанагория,Saqra,2023,88,5,660,
Кубань.Тамань,Фанагория,Декантер. Каберне Совиньон,2017,88,5,661,
Кубань.Тамань,Фанагория,Декантер. Саперави,2017,88,5,661,
Кубань.Тамань,Фанагория,100 оттенков красного. Пино Нуар,2022,88,5,657,
Кубань.Тамань,Фанагория,100 оттенков красного.Каберне Совиньон,2020,89,5,658,
Кубань.Тамань,Фанагория,100 оттенков красного.Саперави,2022,89,5,658,
Кубань.Тамань,Фанагория,101 оттенок красного. Каберне Совиньон,2020,89,5,659,
Кубань.Тамань,Фанагория,Velvet Season Саперави,2023,89,5,659,
Кубань.Тамань,Фанагория,Ice Wine Саперави,2021,89,5,659,
Кубань.Тамань,Фанагория,101 оттенок красного. Саперави,2021,90,5,660,
Кубань.Тамань,Фанагория,Саперави фанагории. Точка,2018,93,5,661,
НИЖНЯЯ ВОЛГА,Вилла София,Шардоне,2023,87,5,667,
НИЖНЯЯ ВОЛГА,Вилла София,Рислинг,2023,87,5,667,
НИЖНЯЯ ВОЛГА,Вилла София,Трио белое,2023,87,5,668,
НИЖНЯЯ ВОЛГА,Вилла София,Совиньон Блан,2023,87,5,668,
НИЖНЯЯ ВОЛГА,Вилла София,Трио розе,2023,87,5,668,
НИЖНЯЯ ВОЛГА,Вилла София,Каберне Совиньон,2022,87,5,669,
НИЖНЯЯ ВОЛГА,Вилла София,Мерло – Каберне Совиньон,2022,87,5,669,
НИЖНЯЯ ВОЛГА,Семейная винодельня Гусев,Шардоне,2023,87,5,672,
НИЖНЯЯ ВОЛГА,Семейная винодельня Гусев,Рислинг,2023,87,5,672,
НИЖНЯЯ ВОЛГА,Семейная винодельня Гусев,Уни Блан.,2023,87,5,673,
НИЖНЯЯ ВОЛГА,Семейная винодельня Гусев,Треббьяно ди Дубовка,2023,88,5,673,
НИЖНЯЯ ВОЛГА,Семейная винодельня Гусев,Сибирьковый,2023,88,5,674,
НИЖНЯЯ ВОЛГА,Семейная винодельня Гусев,Ркацители,2023,88,5,674,
НИЖНЯЯ ВОЛГА,Семейная винодельня Гусев,Совиньон Блан,2023,88,5,675,
НИЖНЯЯ ВОЛГА,Семейная винодельня Гусев,Трио,2023,88,5,676,
НИЖНЯЯ ВОЛГА,Семейная винодельня Гусев,Сирокко,2023,88,5,677,
НИЖНЯЯ ВОЛГА,Зимовец,Ассамбляж 1,2022,87,5,687,
НИЖНЯЯ ВОЛГА,Зимовец,Игристая история,2023,88,5,678,
НИЖНЯЯ ВОЛГА,Зимовец,Цимлянский Черный,2023,88,5,678,
НИЖНЯЯ ВОЛГА,Зимовец,Автохтон,2023,88,5,679,
НИЖНЯЯ ВОЛГА,Винодельня Покровская,Совиньон Блан,2023,87,5,681,
НИЖНЯЯ ВОЛГА,Винодельня Покровская,Ркацители – Шардоне,2023,87,5,681,
НИЖНЯЯ ВОЛГА,Винодельня Покровская,Рыжесть,2022,87,5,681,
СТАВРОПОЛЬ,Ferrum Winery,Riesling,2022,89,5,687,
СТАВРОПОЛЬ,Ferrum Winery,Pinot Noir,2023,88,5,687,
СТАВРОПОЛЬ,Ferrum Winery,Merlot,2023,88,5,688,
СТАВРОПОЛЬ,Ferrum Winery,Saperavi,2022,88,5,688,
СТАВРОПОЛЬ,Ferrum Winery,Cabernet Sauvignon,2022,88,5,688,
СТАВРОПОЛЬ,Ferrum Winery,Cabernet Sauvignon – Cabernet Franc,2021,89,5,689,
СТАВРОПОЛЬ,Ferrum Winery,Apollinary,2022,87,5,689,
СТАВРОПОЛЬ,Tempelhof Winery,Рислинг Органик,2023,89,5,690,
СТАВРОПОЛЬ,Tempelhof Winery,Каберне Совиньон,2023,89,5,690,
СТАВРОПОЛЬ,Tempelhof Winery,Каберне Фран,2023,89,5,691,
СТАВРОПОЛЬ,Tempelhof Winery,Красностоп Золотковский,2023,89,5,691,
СТАВРОПОЛЬ,Tempelhof Winery,Красностоп Золотковский Резерв,2023,89,5,692,
СТАВРОПОЛЬ,Винодельня Виталий Батрак,Мерло,2023,88,5,693,
СТАВРОПОЛЬ,Винодельня Виталий Батрак,Perfekt Klassik. Мерло,2023,87,5,694,
СТАВРОПОЛЬ,Винодельня Виталий Батрак,Vitale Kraft,2023,87,5,694,
СТАВРОПОЛЬ,Винодельня Виталий Батрак,Каберне Совиньон,2023,87,5,695,
СТАВРОПОЛЬ,Винодельня Виталий Батрак,Господин Батрак,2023,87,5,695,
СТАВРОПОЛЬ,Винодельня Марко,Вионье,2023,87,5,696,
СТАВРОПОЛЬ,Винодельня Марко,Ассамбляж,2023,87,5,696,
СТАВРОПОЛЬ,Михаил Колесников,Мускат Оттонель,2023,87,4,702,
СТАВРОПОЛЬ,Михаил Колесников,Пино Блан - Вионье,2022,87,4,705,
СТАВРОПОЛЬ,Михаил Колесников,Сира,2022,88,4,705,
СТАВРОПОЛЬ,Михаил Колесников,Каберне Фран,2022,88,4,705,
СТАВРОПОЛЬ,Михаил Колесников,Неббиоло,2022,88,5,705,
СТАВРОПОЛЬ,Левокумское,Совиньон Блан,2023,87,4,711,
СТАВРОПОЛЬ,Левокумское,Белое,2022,87,4,711,
СТАВРОПОЛЬ,Интуиция,Мерло Гредос,2023,88,5,708,
СТАВРОПОЛЬ,Интуиция,Пино Нуар,2022,88,5,708,
СТАВРОПОЛЬ,Интуиция,Каберне Совиньон - Мерло,2023,88,7,708,
